Dataset,K,Algorithm,Seed,Fitness,Distance,Infeasibility,Evaluations,Time
data/bupa_set,15,RandomSearch,1000,0.335485,0.247903,498,100000,17.4359
data/bupa_set,15,RandomSearch,1001,0.334139,0.247787,491,100000,17.7426
data/bupa_set,15,RandomSearch,1002,0.335666,0.252479,473,100000,17.3802
data/bupa_set,15,RandomSearch,1003,0.332851,0.247203,487,100000,17.6935
data/bupa_set,15,RandomSearch,1004,0.336067,0.249188,494,100000,17.5407
data/bupa_set,15,RandomSearch,1005,0.335415,0.248535,494,100000,17.3538
data/bupa_set,15,RandomSearch,1006,0.335001,0.246187,505,100000,17.6211
data/bupa_set,15,RandomSearch,1007,0.335288,0.250343,483,100000,17.3697
data/bupa_set,15,RandomSearch,1008,0.335166,0.246352,505,100000,17.6131
data/bupa_set,15,RandomSearch,1009,0.335584,0.24677,505,100000,17.365
data/bupa_set,15,GreedySearch,1000,0.244534,0.240137,25,1,0.021178
data/bupa_set,15,GreedySearch,1001,0.236779,0.23291,22,1,0.0209412
data/bupa_set,15,GreedySearch,1002,0.231122,0.226725,25,1,0.0179183
data/bupa_set,15,GreedySearch,1003,0.234691,0.232053,15,1,0.0240128
data/bupa_set,15,GreedySearch,1004,0.235061,0.230488,26,1,0.0210001
data/bupa_set,15,GreedySearch,1005,0.233855,0.230689,18,1,0.0210355
data/bupa_set,15,GreedySearch,1006,0.237352,0.234011,19,1,0.0270213
data/bupa_set,15,GreedySearch,1007,0.242229,0.236074,35,1,0.0209134
data/bupa_set,15,GreedySearch,1008,0.236724,0.233206,20,1,0.0270119
data/bupa_set,15,GreedySearch,1009,0.23368,0.229811,22,1,0.0178226
data/bupa_set,15,LocalSearch,1000,0.181249,0.152582,163,64330,10.4942
data/bupa_set,15,LocalSearch,1001,0.183927,0.155964,159,80663,13.1695
data/bupa_set,15,LocalSearch,1002,0.182756,0.152155,174,93234,15.3081
data/bupa_set,15,LocalSearch,1003,0.178614,0.150299,161,78379,13.0333
data/bupa_set,15,LocalSearch,1004,0.174873,0.143041,181,100000,16.3825
data/bupa_set,15,LocalSearch,1005,0.179207,0.150716,162,94936,15.8535
data/bupa_set,15,LocalSearch,1006,0.175592,0.143056,185,66526,11.0101
data/bupa_set,15,LocalSearch,1007,0.178735,0.152003,152,83506,13.6478
data/bupa_set,15,LocalSearch,1008,0.179805,0.149028,175,100000,16.4161
data/bupa_set,15,LocalSearch,1009,0.176396,0.146498,170,92852,15.1117
data/bupa_set,15,AM-Best,1000,0.18856,0.162003,151,100000,16.3312
data/bupa_set,15,AM-Best,1001,0.183968,0.156181,158,100000,16.3994
data/bupa_set,15,AM-Best,1002,0.183798,0.156714,154,100000,16.3378
data/bupa_set,15,AM-Best,1003,0.188086,0.157309,175,100000,16.4252
data/bupa_set,15,AM-Best,1004,0.186425,0.159869,151,100000,16.3972
data/bupa_set,15,AM-Best,1005,0.186449,0.1613,143,100000,16.5748
data/bupa_set,15,AM-Best,1006,0.188616,0.158015,174,100000,16.6877
data/bupa_set,15,AM-Best,1007,0.19252,0.164557,159,100000,16.6716
data/bupa_set,15,AM-Best,1008,0.186412,0.159504,153,100000,16.8517
data/bupa_set,15,AM-Best,1009,0.187905,0.158183,169,100000,16.5632
data/bupa_set,15,SimulatedAnnealing,1000,0.23731,0.178394,335,100000,16.6388
data/bupa_set,15,SimulatedAnnealing,1001,0.22562,0.168463,325,100000,16.534
data/bupa_set,15,SimulatedAnnealing,1002,0.240507,0.186691,306,100000,16.7598
data/bupa_set,15,SimulatedAnnealing,1003,0.235964,0.174234,351,100000,16.5861
data/bupa_set,15,SimulatedAnnealing,1004,0.235664,0.179562,319,100000,16.9171
data/bupa_set,15,SimulatedAnnealing,1005,0.236293,0.184236,296,100000,16.6056
data/bupa_set,15,SimulatedAnnealing,1006,0.234959,0.180792,308,100000,16.8872
data/bupa_set,15,SimulatedAnnealing,1007,0.235034,0.183504,293,100000,16.4239
data/bupa_set,15,SimulatedAnnealing,1008,0.232615,0.171589,347,100000,16.6366
data/bupa_set,15,SimulatedAnnealing,1009,0.23672,0.178331,332,100000,16.8344
data/bupa_set,15,SimulatedAnnealingFast,1000,0.243163,0.210099,188,100000,0.214502
data/bupa_set,15,SimulatedAnnealingFast,1001,0.245617,0.215016,174,100000,0.213269
data/bupa_set,15,SimulatedAnnealingFast,1002,0.243933,0.210518,190,100000,0.215376
data/bupa_set,15,SimulatedAnnealingFast,1003,0.242899,0.214935,159,100000,0.214152
data/bupa_set,15,SimulatedAnnealingFast,1004,0.243914,0.209092,198,100000,0.214687
data/bupa_set,15,SimulatedAnnealingFast,1005,0.237512,0.206559,176,100000,0.213236
data/bupa_set,15,SimulatedAnnealingFast,1006,0.242177,0.209817,184,100000,0.214285
data/bupa_set,15,SimulatedAnnealingFast,1007,0.244442,0.21173,186,100000,0.217324
data/bupa_set,15,SimulatedAnnealingFast,1008,0.239054,0.205814,189,100000,0.215101
data/bupa_set,15,SimulatedAnnealingFast,1009,0.249046,0.218093,176,100000,0.214462
data/bupa_set,15,BMB,1000,0.187002,0.152707,195,100000,16.7207
data/bupa_set,15,BMB,1001,0.189185,0.156122,188,100000,16.7093
data/bupa_set,15,BMB,1002,0.188514,0.155275,189,100000,17.0029
data/bupa_set,15,BMB,1003,0.187497,0.152499,199,100000,17.12
data/bupa_set,15,BMB,1004,0.186638,0.15252,194,100000,17.1181
data/bupa_set,15,BMB,1005,0.188224,0.156216,182,100000,16.9377
data/bupa_set,15,BMB,1006,0.18461,0.148733,204,100000,17.0366
data/bupa_set,15,BMB,1007,0.183693,0.152564,177,100000,16.8011
data/bupa_set,15,BMB,1008,0.188106,0.158736,167,100000,16.5065
data/bupa_set,15,BMB,1009,0.187526,0.156573,176,100000,16.5155
data/bupa_set,15,ILS,1000,0.183089,0.153719,167,100000,16.4404
data/bupa_set,15,ILS,1001,0.180488,0.152173,161,100000,16.4485
data/bupa_set,15,ILS,1002,0.181588,0.152921,163,100000,16.4774
data/bupa_set,15,ILS,1003,0.182256,0.152534,169,100000,16.609
data/bupa_set,15,ILS,1004,0.177486,0.149347,160,100000,16.9118
data/bupa_set,15,ILS,1005,0.178263,0.145199,188,100000,16.6564
data/bupa_set,15,ILS,1006,0.175302,0.145052,172,100000,16.6133
data/bupa_set,15,ILS,1007,0.179706,0.15016,168,100000,16.4479
data/bupa_set,15,ILS,1008,0.179767,0.150925,164,100000,16.5809
data/bupa_set,15,ILS,1009,0.180382,0.15066,169,100000,16.6293
data/bupa_set,15,ILS-ES,1000,0.233727,0.18079,301,100000,16.8978
data/bupa_set,15,ILS-ES,1001,0.240126,0.187892,297,100000,16.6151
data/bupa_set,15,ILS-ES,1002,0.237503,0.181049,321,100000,16.5573
data/bupa_set,15,ILS-ES,1003,0.234974,0.182037,301,100000,16.757
data/bupa_set,15,ILS-ES,1004,0.234327,0.182445,295,100000,16.8936
data/bupa_set,15,ILS-ES,1005,0.230995,0.1865,253,100000,16.4208
data/bupa_set,15,ILS-ES,1006,0.229796,0.17897,289,100000,16.4134
data/bupa_set,15,ILS-ES,1007,0.23588,0.186461,281,100000,16.4156
data/bupa_set,15,ILS-ES,1008,0.238048,0.185815,297,100000,16.4381
data/bupa_set,15,ILS-ES,1009,0.233443,0.184551,278,100000,16.4185
data/bupa_set,15,GRASP,1000,0.184917,0.156426,162,100000,16.3902
data/bupa_set,15,GRASP,1001,0.186802,0.157432,167,100000,16.3757
data/bupa_set,15,GRASP,1002,0.182173,0.154562,157,100000,16.3554
data/bupa_set,15,GRASP,1003,0.188919,0.156031,187,100000,16.4597
data/bupa_set,15,GRASP,1004,0.189836,0.162577,155,100000,16.3614
data/bupa_set,15,GRASP,1005,0.1872,0.158885,161,100000,16.3717
data/bupa_set,15,GRASP,1006,0.187164,0.155156,182,100000,16.3618
data/bupa_set,15,GRASP,1007,0.187122,0.155465,180,100000,16.8894
data/bupa_set,15,GRASP,1008,0.188793,0.157137,180,100000,16.9415
data/bupa_set,15,GRASP,1009,0.186135,0.157292,164,100000,16.8392
data/bupa_set,30,RandomSearch,1000,0.282257,0.234157,558,100000,29.6677
data/bupa_set,30,RandomSearch,1001,0.28343,0.240329,500,100000,29.6226
data/bupa_set,30,RandomSearch,1002,0.282204,0.235482,542,100000,30.1716
data/bupa_set,30,RandomSearch,1003,0.282762,0.234058,565,100000,30.4872
data/bupa_set,30,RandomSearch,1004,0.281497,0.234604,544,100000,29.8969
data/bupa_set,30,RandomSearch,1005,0.281922,0.236321,529,100000,29.7636
data/bupa_set,30,RandomSearch,1006,0.282068,0.228709,619,100000,29.6679
data/bupa_set,30,RandomSearch,1007,0.280649,0.233928,542,100000,29.7933
data/bupa_set,30,RandomSearch,1008,0.281243,0.232798,562,100000,29.8439
data/bupa_set,30,RandomSearch,1009,0.279892,0.232481,550,100000,29.7187
data/bupa_set,30,GreedySearch,1000,0.225273,0.224842,5,1,0.0348244
data/bupa_set,30,GreedySearch,1001,0.220185,0.219581,7,1,0.0448003
data/bupa_set,30,GreedySearch,1002,0.211088,0.210312,9,1,0.0348492
data/bupa_set,30,GreedySearch,1003,0.218092,0.217316,9,1,0.0546084
data/bupa_set,30,GreedySearch,1004,0.210669,0.20998,8,1,0.0396302
data/bupa_set,30,GreedySearch,1005,0.214765,0.213903,10,1,0.0497789
data/bupa_set,30,GreedySearch,1006,0.218633,0.217685,11,1,0.0396622
data/bupa_set,30,GreedySearch,1007,0.217003,0.216227,9,1,0.0347881
data/bupa_set,30,GreedySearch,1008,0.215286,0.214338,11,1,0.0248815
data/bupa_set,30,GreedySearch,1009,0.22098,0.220032,11,1,0.039636
data/bupa_set,30,LocalSearch,1000,0.129858,0.101756,326,97817,28.6818
data/bupa_set,30,LocalSearch,1001,0.128475,0.0988214,344,100000,29.2954
data/bupa_set,30,LocalSearch,1002,0.128311,0.0974505,358,100000,29.3907
data/bupa_set,30,LocalSearch,1003,0.127181,0.0970969,349,100000,29.4503
data/bupa_set,30,LocalSearch,1004,0.127879,0.098484,341,100000,29.237
data/bupa_set,30,LocalSearch,1005,0.128422,0.0992858,338,100000,29.1149
data/bupa_set,30,LocalSearch,1006,0.128485,0.0975384,359,100000,29.2113
data/bupa_set,30,LocalSearch,1007,0.128033,0.0975174,354,100000,29.3603
data/bupa_set,30,LocalSearch,1008,0.127975,0.0984935,342,100000,29.2191
data/bupa_set,30,LocalSearch,1009,0.128606,0.0979177,356,100000,29.3615
data/bupa_set,30,AM-Best,1000,0.139799,0.110922,335,100000,29.4652
data/bupa_set,30,AM-Best,1001,0.140712,0.115197,296,100000,29.5068
data/bupa_set,30,AM-Best,1002,0.1333,0.103991,340,100000,29.3298
data/bupa_set,30,AM-Best,1003,0.136596,0.107632,336,100000,29.0258
data/bupa_set,30,AM-Best,1004,0.141123,0.115003,303,100000,28.9681
data/bupa_set,30,AM-Best,1005,0.14169,0.113674,325,100000,29.216
data/bupa_set,30,AM-Best,1006,0.139885,0.111093,334,100000,28.9928
data/bupa_set,30,AM-Best,1007,0.139237,0.110015,339,100000,29.5287
data/bupa_set,30,AM-Best,1008,0.140429,0.114482,301,100000,28.9892
data/bupa_set,30,AM-Best,1009,0.14121,0.109057,373,100000,29.5687
data/bupa_set,30,SimulatedAnnealing,1000,0.189372,0.132306,662,100000,29.1009
data/bupa_set,30,SimulatedAnnealing,1001,0.185974,0.129511,655,100000,29.0777
data/bupa_set,30,SimulatedAnnealing,1002,0.187792,0.136243,598,100000,29.0138
data/bupa_set,30,SimulatedAnnealing,1003,0.184782,0.132716,604,100000,29.0067
data/bupa_set,30,SimulatedAnnealing,1004,0.187616,0.129343,676,100000,29.0844
data/bupa_set,30,SimulatedAnnealing,1005,0.185625,0.129335,653,100000,29.1471
data/bupa_set,30,SimulatedAnnealing,1006,0.186715,0.132925,624,100000,29.0275
data/bupa_set,30,SimulatedAnnealing,1007,0.183659,0.125214,678,100000,29.0398
data/bupa_set,30,SimulatedAnnealing,1008,0.184667,0.131222,620,100000,29.2153
data/bupa_set,30,SimulatedAnnealing,1009,0.192659,0.134473,675,100000,29.0233
data/bupa_set,30,SimulatedAnnealingFast,1000,0.197316,0.165766,366,100000,0.343716
data/bupa_set,30,SimulatedAnnealingFast,1001,0.196868,0.161439,411,100000,0.343757
data/bupa_set,30,SimulatedAnnealingFast,1002,0.193323,0.160394,382,100000,0.344468
data/bupa_set,30,SimulatedAnnealingFast,1003,0.19589,0.163737,373,100000,0.344273
data/bupa_set,30,SimulatedAnnealingFast,1004,0.197938,0.164492,388,100000,0.344477
data/bupa_set,30,SimulatedAnnealingFast,1005,0.194385,0.156543,439,100000,0.343579
data/bupa_set,30,SimulatedAnnealingFast,1006,0.193983,0.160364,390,100000,0.340862
data/bupa_set,30,SimulatedAnnealingFast,1007,0.197686,0.165188,377,100000,0.34345
data/bupa_set,30,SimulatedAnnealingFast,1008,0.196105,0.159124,429,100000,0.346224
data/bupa_set,30,SimulatedAnnealingFast,1009,0.200058,0.165491,401,100000,0.343274
data/bupa_set,30,BMB,1000,0.139551,0.106708,381,100000,29.4883
data/bupa_set,30,BMB,1001,0.138427,0.104636,392,100000,29.5007
data/bupa_set,30,BMB,1002,0.137951,0.103643,398,100000,29.5144
data/bupa_set,30,BMB,1003,0.139197,0.106612,378,100000,29.5225
data/bupa_set,30,BMB,1004,0.138161,0.101439,426,100000,29.7051
data/bupa_set,30,BMB,1005,0.137985,0.105487,377,100000,29.5965
data/bupa_set,30,BMB,1006,0.137169,0.106223,359,100000,29.7272
data/bupa_set,30,BMB,1007,0.136645,0.101044,413,100000,29.9242
data/bupa_set,30,BMB,1008,0.136635,0.102327,398,100000,29.5679
data/bupa_set,30,BMB,1009,0.137688,0.103639,395,100000,29.4863
data/bupa_set,30,ILS,1000,0.132413,0.101553,358,100000,29.235
data/bupa_set,30,ILS,1001,0.134407,0.101737,379,100000,29.5221
data/bupa_set,30,ILS,1002,0.132266,0.100113,373,100000,29.3647
data/bupa_set,30,ILS,1003,0.133936,0.103162,357,100000,29.4697
data/bupa_set,30,ILS,1004,0.133642,0.104851,334,100000,29.3916
data/bupa_set,30,ILS,1005,0.133969,0.10104,382,100000,29.3087
data/bupa_set,30,ILS,1006,0.136586,0.10788,333,100000,29.2346
data/bupa_set,30,ILS,1007,0.132424,0.100443,371,100000,29.5752
data/bupa_set,30,ILS,1008,0.133962,0.106636,317,100000,29.3708
data/bupa_set,30,ILS,1009,0.134829,0.104572,351,100000,29.3142
data/bupa_set,30,ILS-ES,1000,0.188871,0.131719,663,100000,29.0248
data/bupa_set,30,ILS-ES,1001,0.185007,0.135872,570,100000,29.0294
data/bupa_set,30,ILS-ES,1002,0.18704,0.138336,565,100000,29.0996
data/bupa_set,30,ILS-ES,1003,0.189441,0.139961,574,100000,29.0973
data/bupa_set,30,ILS-ES,1004,0.189177,0.139007,582,100000,29.0295
data/bupa_set,30,ILS-ES,1005,0.187629,0.137718,579,100000,28.9991
data/bupa_set,30,ILS-ES,1006,0.188411,0.137466,591,100000,29.1673
data/bupa_set,30,ILS-ES,1007,0.188602,0.142829,531,100000,27.6794
data/bupa_set,30,ILS-ES,1008,0.189672,0.135624,627,100000,29.0289
data/bupa_set,30,ILS-ES,1009,0.185385,0.133578,601,100000,29.0372
data/bupa_set,30,GRASP,1000,0.139371,0.106183,385,100000,29.6478
data/bupa_set,30,GRASP,1001,0.139263,0.104178,407,100000,29.5803
data/bupa_set,30,GRASP,1002,0.13772,0.105652,372,100000,29.585
data/bupa_set,30,GRASP,1003,0.139045,0.106202,381,100000,29.3933
data/bupa_set,30,GRASP,1004,0.137686,0.108033,344,100000,29.3616
data/bupa_set,30,GRASP,1005,0.138445,0.105602,381,100000,29.3004
data/bupa_set,30,GRASP,1006,0.139296,0.108608,356,100000,29.3143
data/bupa_set,30,GRASP,1007,0.138387,0.106579,369,100000,29.5488
data/bupa_set,30,GRASP,1008,0.140153,0.108172,371,100000,29.31
data/bupa_set,30,GRASP,1009,0.136843,0.107534,340,100000,29.4464
data/glass_set,15,RandomSearch,1000,0.517265,0.400747,176,100000,6.55373
data/glass_set,15,RandomSearch,1001,0.515019,0.390556,188,100000,6.52936
data/glass_set,15,RandomSearch,1002,0.517228,0.40402,171,100000,6.48941
data/glass_set,15,RandomSearch,1003,0.515066,0.409802,159,100000,6.49989
data/glass_set,15,RandomSearch,1004,0.516613,0.403405,171,100000,6.50131
data/glass_set,15,RandomSearch,1005,0.519019,0.407797,168,100000,6.49339
data/glass_set,15,RandomSearch,1006,0.514961,0.389836,189,100000,6.49319
data/glass_set,15,RandomSearch,1007,0.515802,0.403256,170,100000,6.49421
data/glass_set,15,RandomSearch,1008,0.522754,0.400277,185,100000,6.49446
data/glass_set,15,RandomSearch,1009,0.511199,0.378792,200,100000,6.50533
data/glass_set,15,GreedySearch,1000,0.345396,0.345396,0,1,0.00819107
data/glass_set,15,GreedySearch,1001,0.343879,0.343879,0,1,0.0105323
data/glass_set,15,GreedySearch,1002,0.332796,0.332796,0,1,0.00812076
data/glass_set,15,GreedySearch,1003,0.340742,0.340742,0,1,0.00575653
data/glass_set,15,GreedySearch,1004,0.321304,0.321304,0,1,0.00932857
data/glass_set,15,GreedySearch,1005,0.328881,0.328881,0,1,0.0105092
data/glass_set,15,GreedySearch,1006,0.326143,0.326143,0,1,0.00696297
data/glass_set,15,GreedySearch,1007,0.339916,0.339916,0,1,0.00699211
data/glass_set,15,GreedySearch,1008,0.339318,0.339318,0,1,0.00576285
data/glass_set,15,GreedySearch,1009,0.327568,0.327568,0,1,0.00814471
data/glass_set,15,LocalSearch,1000,0.224194,0.199037,38,28706,1.667
data/glass_set,15,LocalSearch,1001,0.220669,0.192864,42,67859,3.93885
data/glass_set,15,LocalSearch,1002,0.230238,0.197137,50,22408,1.35494
data/glass_set,15,LocalSearch,1003,0.219299,0.190832,43,35611,2.13896
data/glass_set,15,LocalSearch,1004,0.222548,0.184811,57,29525,1.77985
data/glass_set,15,LocalSearch,1005,0.234686,0.205556,44,25917,1.55923
data/glass_set,15,LocalSearch,1006,0.218693,0.184929,51,41282,2.39107
data/glass_set,15,LocalSearch,1007,0.218823,0.183073,54,29427,1.73724
data/glass_set,15,LocalSearch,1008,0.218939,0.185175,51,38435,2.30783
data/glass_set,15,LocalSearch,1009,0.218695,0.190889,42,44800,2.67298
data/glass_set,15,AM-Best,1000,0.222911,0.192457,46,100000,5.79287
data/glass_set,15,AM-Best,1001,0.229273,0.200806,43,100000,5.78927
data/glass_set,15,AM-Best,1002,0.215669,0.188525,41,100000,5.792
data/glass_set,15,AM-Best,1003,0.233607,0.203153,46,100000,5.80383
data/glass_set,15,AM-Best,1004,0.220933,0.195776,38,100000,5.80274
data/glass_set,15,AM-Best,1005,0.213749,0.18462,44,100000,5.81989
data/glass_set,15,AM-Best,1006,0.233914,0.202136,48,100000,5.79789
data/glass_set,15,AM-Best,1007,0.219295,0.190827,43,100000,5.80376
data/glass_set,15,AM-Best,1008,0.222196,0.196377,39,100000,5.8059
data/glass_set,15,AM-Best,1009,0.214477,0.184023,46,100000,5.81
data/glass_set,15,SimulatedAnnealing,1000,0.250426,0.198125,79,100000,5.74789
data/glass_set,15,SimulatedAnnealing,1001,0.243576,0.195247,73,100000,5.74196
data/glass_set,15,SimulatedAnnealing,1002,0.242412,0.196069,70,100000,5.74304
data/glass_set,15,SimulatedAnnealing,1003,0.244574,0.198893,69,100000,5.73928
data/glass_set,15,SimulatedAnnealing,1004,0.25419,0.2052,74,100000,5.74595
data/glass_set,15,SimulatedAnnealing,1005,0.254404,0.207399,71,100000,5.73771
data/glass_set,15,SimulatedAnnealing,1006,0.252343,0.211958,61,100000,5.74375
data/glass_set,15,SimulatedAnnealing,1007,0.246141,0.19715,74,100000,5.74167
data/glass_set,15,SimulatedAnnealing,1008,0.247776,0.20342,67,100000,5.74508
data/glass_set,15,SimulatedAnnealing,1009,0.254794,0.197859,86,100000,5.74276
data/glass_set,15,SimulatedAnnealingFast,1000,0.26298,0.242457,31,100000,0.137257
data/glass_set,15,SimulatedAnnealingFast,1001,0.268484,0.257229,17,100000,0.13761
data/glass_set,15,SimulatedAnnealingFast,1002,0.27118,0.249995,32,100000,0.133474
data/glass_set,15,SimulatedAnnealingFast,1003,0.259928,0.242715,26,100000,0.136691
data/glass_set,15,SimulatedAnnealingFast,1004,0.26552,0.246321,29,100000,0.134063
data/glass_set,15,SimulatedAnnealingFast,1005,0.251352,0.234801,25,100000,0.132583
data/glass_set,15,SimulatedAnnealingFast,1006,0.261107,0.238598,34,100000,0.134049
data/glass_set,15,SimulatedAnnealingFast,1007,0.26873,0.250193,28,100000,0.135222
data/glass_set,15,SimulatedAnnealingFast,1008,0.259824,0.237977,33,100000,0.137298
data/glass_set,15,SimulatedAnnealingFast,1009,0.265115,0.249226,24,100000,0.134347
data/glass_set,15,BMB,1000,0.220461,0.189345,47,100000,5.84495
data/glass_set,15,BMB,1001,0.22803,0.201548,40,100000,5.84171
data/glass_set,15,BMB,1002,0.218195,0.179797,58,100000,5.84017
data/glass_set,15,BMB,1003,0.221986,0.191532,46,100000,5.83452
data/glass_set,15,BMB,1004,0.223248,0.186836,55,100000,5.84313
data/glass_set,15,BMB,1005,0.216513,0.180763,54,100000,5.83978
data/glass_set,15,BMB,1006,0.221594,0.18452,56,100000,5.84133
data/glass_set,15,BMB,1007,0.220421,0.184671,54,100000,5.83835
data/glass_set,15,BMB,1008,0.222817,0.19104,48,100000,5.83626
data/glass_set,15,BMB,1009,0.218236,0.184472,51,100000,5.83846
data/glass_set,15,ILS,1000,0.215788,0.18401,48,100000,5.8026
data/glass_set,15,ILS,1001,0.209526,0.185692,36,100000,5.79232
data/glass_set,15,ILS,1002,0.219841,0.192697,41,100000,5.80065
data/glass_set,15,ILS,1003,0.214972,0.194449,31,100000,5.7967
data/glass_set,15,ILS,1004,0.218234,0.179836,58,100000,5.79871
data/glass_set,15,ILS,1005,0.214938,0.184484,46,100000,5.7913
data/glass_set,15,ILS,1006,0.212438,0.181322,47,97914,5.66693
data/glass_set,15,ILS,1007,0.211221,0.178119,50,100000,5.79076
data/glass_set,15,ILS,1008,0.211158,0.186001,38,100000,5.78603
data/glass_set,15,ILS,1009,0.210621,0.185464,38,99307,5.74766
data/glass_set,15,ILS-ES,1000,0.260734,0.216378,67,100000,5.74353
data/glass_set,15,ILS-ES,1001,0.254247,0.205256,74,100000,5.76097
data/glass_set,15,ILS-ES,1002,0.254309,0.211938,64,100000,5.74453
data/glass_set,15,ILS-ES,1003,0.256794,0.209127,72,100000,5.83948
data/glass_set,15,ILS-ES,1004,0.24863,0.198977,75,100000,5.77419
data/glass_set,15,ILS-ES,1005,0.253119,0.207438,69,100000,5.88008
data/glass_set,15,ILS-ES,1006,0.253999,0.202361,78,100000,5.76078
data/glass_set,15,ILS-ES,1007,0.254837,0.20386,77,100000,5.74258
data/glass_set,15,ILS-ES,1008,0.257782,0.210115,72,100000,5.77939
data/glass_set,15,ILS-ES,1009,0.25714,0.208149,74,100000,5.73903
data/glass_set,15,GRASP,1000,0.215702,0.184586,47,100000,5.81761
data/glass_set,15,GRASP,1001,0.218939,0.184513,52,100000,5.79981
data/glass_set,15,GRASP,1002,0.220132,0.184382,54,100000,5.79816
data/glass_set,15,GRASP,1003,0.21789,0.18545,49,100000,5.79713
data/glass_set,15,GRASP,1004,0.216975,0.188507,43,100000,5.80797
data/glass_set,15,GRASP,1005,0.222192,0.19571,40,100000,5.79909
data/glass_set,15,GRASP,1006,0.219758,0.189305,46,100000,5.79662
data/glass_set,15,GRASP,1007,0.219506,0.191701,42,100000,5.79837
data/glass_set,15,GRASP,1008,0.220659,0.193516,41,100000,5.80427
data/glass_set,15,GRASP,1009,0.222121,0.193654,43,100000,5.85345
data/glass_set,30,RandomSearch,1000,0.428355,0.358182,219,100000,11.2534
data/glass_set,30,RandomSearch,1001,0.425725,0.353309,226,100000,11.2091
data/glass_set,30,RandomSearch,1002,0.425931,0.344544,254,100000,11.1497
data/glass_set,30,RandomSearch,1003,0.426307,0.362863,198,100000,11.3629
data/glass_set,30,RandomSearch,1004,0.428647,0.350463,244,100000,11.2318
data/glass_set,30,RandomSearch,1005,0.422807,0.357761,203,100000,11.294
data/glass_set,30,RandomSearch,1006,0.430433,0.372436,181,100000,11.1958
data/glass_set,30,RandomSearch,1007,0.423894,0.357246,208,100000,11.2663
data/glass_set,30,RandomSearch,1008,0.426279,0.371167,172,100000,11.1523
data/glass_set,30,RandomSearch,1009,0.420691,0.346994,230,100000,11.2098
data/glass_set,30,GreedySearch,1000,0.282216,0.282216,0,1,0.00980647
data/glass_set,30,GreedySearch,1001,0.292238,0.292238,0,1,0.0097852
data/glass_set,30,GreedySearch,1002,0.264074,0.264074,0,1,0.0110033
data/glass_set,30,GreedySearch,1003,0.284937,0.284937,0,1,0.0116453
data/glass_set,30,GreedySearch,1004,0.260784,0.260784,0,1,0.0195233
data/glass_set,30,GreedySearch,1005,0.276324,0.276324,0,1,0.0136445
data/glass_set,30,GreedySearch,1006,0.275088,0.275088,0,1,0.0136506
data/glass_set,30,GreedySearch,1007,0.27627,0.27627,0,1,0.0136671
data/glass_set,30,GreedySearch,1008,0.305125,0.305125,0,1,0.0117145
data/glass_set,30,GreedySearch,1009,0.276077,0.276077,0,1,0.0175654
data/glass_set,30,LocalSearch,1000,0.156343,0.122378,106,81183,8.40157
data/glass_set,30,LocalSearch,1001,0.160951,0.124423,114,57159,5.94149
data/glass_set,30,LocalSearch,1002,0.158055,0.125692,101,58108,6.08734
data/glass_set,30,LocalSearch,1003,0.155164,0.120879,107,100000,10.4392
data/glass_set,30,LocalSearch,1004,0.162065,0.128421,105,100000,10.4841
data/glass_set,30,LocalSearch,1005,0.162597,0.130555,100,52665,5.52369
data/glass_set,30,LocalSearch,1006,0.157358,0.124355,103,98828,10.3139
data/glass_set,30,LocalSearch,1007,0.15787,0.128711,91,79055,8.18327
data/glass_set,30,LocalSearch,1008,0.162849,0.128244,108,70430,7.31004
data/glass_set,30,LocalSearch,1009,0.160379,0.128016,101,67753,6.98425
data/glass_set,30,AM-Best,1000,0.149175,0.118415,96,100000,10.2887
data/glass_set,30,AM-Best,1001,0.148783,0.125392,73,100000,10.2969
data/glass_set,30,AM-Best,1002,0.155299,0.119412,112,100000,10.3765
data/glass_set,30,AM-Best,1003,0.1583,0.127219,97,100000,10.4706
data/glass_set,30,AM-Best,1004,0.161244,0.129522,99,100000,10.313
data/glass_set,30,AM-Best,1005,0.159616,0.132701,84,100000,10.3151
data/glass_set,30,AM-Best,1006,0.148685,0.118245,95,100000,10.5241
data/glass_set,30,AM-Best,1007,0.151313,0.117989,104,100000,10.4246
data/glass_set,30,AM-Best,1008,0.145022,0.121952,72,100000,10.3404
data/glass_set,30,AM-Best,1009,0.155601,0.12484,96,100000,10.3508
data/glass_set,30,SimulatedAnnealing,1000,0.210217,0.149657,189,100000,10.3593
data/glass_set,30,SimulatedAnnealing,1001,0.2071,0.151026,175,100000,10.4696
data/glass_set,30,SimulatedAnnealing,1002,0.198181,0.149797,151,100000,10.4616
data/glass_set,30,SimulatedAnnealing,1003,0.204067,0.149595,170,100000,10.3598
data/glass_set,30,SimulatedAnnealing,1004,0.205383,0.144503,190,100000,10.3475
data/glass_set,30,SimulatedAnnealing,1005,0.202705,0.146311,176,100000,10.4552
data/glass_set,30,SimulatedAnnealing,1006,0.204475,0.137506,209,100000,10.4186
data/glass_set,30,SimulatedAnnealing,1007,0.203563,0.145887,180,100000,10.5739
data/glass_set,30,SimulatedAnnealing,1008,0.203771,0.144813,184,100000,10.3462
data/glass_set,30,SimulatedAnnealing,1009,0.204518,0.150367,169,100000,10.4151
data/glass_set,30,SimulatedAnnealingFast,1000,0.201744,0.169381,101,100000,0.235279
data/glass_set,30,SimulatedAnnealingFast,1001,0.210015,0.178293,99,100000,0.233974
data/glass_set,30,SimulatedAnnealingFast,1002,0.216019,0.168276,149,100000,0.236489
data/glass_set,30,SimulatedAnnealingFast,1003,0.210504,0.182306,88,100000,0.236889
data/glass_set,30,SimulatedAnnealingFast,1004,0.215762,0.178913,115,100000,0.233123
data/glass_set,30,SimulatedAnnealingFast,1005,0.20718,0.178022,91,100000,0.234719
data/glass_set,30,SimulatedAnnealingFast,1006,0.21662,0.187141,92,100000,0.233323
data/glass_set,30,SimulatedAnnealingFast,1007,0.207706,0.174062,105,100000,0.23267
data/glass_set,30,SimulatedAnnealingFast,1008,0.20515,0.178235,84,100000,0.232059
data/glass_set,30,SimulatedAnnealingFast,1009,0.211585,0.17762,106,100000,0.233563
data/glass_set,30,BMB,1000,0.166311,0.124656,130,100000,10.6476
data/glass_set,30,BMB,1001,0.165175,0.126724,120,100000,10.6429
data/glass_set,30,BMB,1002,0.165264,0.13258,102,100000,10.6506
data/glass_set,30,BMB,1003,0.170596,0.137272,104,100000,10.5348
data/glass_set,30,BMB,1004,0.164474,0.129869,108,100000,10.5689
data/glass_set,30,BMB,1005,0.168672,0.13695,99,100000,10.6163
data/glass_set,30,BMB,1006,0.163933,0.124841,122,100000,10.5248
data/glass_set,30,BMB,1007,0.165288,0.131643,105,100000,10.5593
data/glass_set,30,BMB,1008,0.163805,0.125034,121,100000,10.7064
data/glass_set,30,BMB,1009,0.162742,0.126855,112,100000,10.691
data/glass_set,30,ILS,1000,0.161345,0.1277,105,100000,10.4652
data/glass_set,30,ILS,1001,0.160019,0.126694,104,80001,8.40974
data/glass_set,30,ILS,1002,0.161254,0.121522,124,100000,10.4883
data/glass_set,30,ILS,1003,0.156403,0.129487,84,100000,10.5242
data/glass_set,30,ILS,1004,0.160103,0.128381,99,100000,10.5608
data/glass_set,30,ILS,1005,0.159153,0.123586,111,80001,8.44222
data/glass_set,30,ILS,1006,0.157936,0.12269,110,80001,8.50432
data/glass_set,30,ILS,1007,0.159186,0.125862,104,100000,10.5039
data/glass_set,30,ILS,1008,0.163376,0.127168,113,100000,10.5118
data/glass_set,30,ILS,1009,0.159101,0.125136,106,100000,10.5286
data/glass_set,30,ILS-ES,1000,0.20964,0.157091,164,100000,10.3764
data/glass_set,30,ILS-ES,1001,0.213105,0.154468,183,100000,10.4344
data/glass_set,30,ILS-ES,1002,0.210918,0.155164,174,100000,10.3992
data/glass_set,30,ILS-ES,1003,0.207988,0.145506,195,100000,10.3813
data/glass_set,30,ILS-ES,1004,0.21037,0.153014,179,100000,10.3662
data/glass_set,30,ILS-ES,1005,0.20885,0.150854,181,100000,10.4438
data/glass_set,30,ILS-ES,1006,0.208591,0.149634,184,100000,10.3488
data/glass_set,30,ILS-ES,1007,0.202256,0.15259,155,100000,10.5032
data/glass_set,30,ILS-ES,1008,0.215498,0.162949,164,100000,10.5261
data/glass_set,30,ILS-ES,1009,0.209136,0.155625,167,100000,10.3446
data/glass_set,30,GRASP,1000,0.160841,0.124313,114,100000,10.4414
data/glass_set,30,GRASP,1001,0.160351,0.128308,100,100000,10.4235
data/glass_set,30,GRASP,1002,0.159106,0.124821,107,100000,10.4636
data/glass_set,30,GRASP,1003,0.159577,0.122408,116,100000,10.514
data/glass_set,30,GRASP,1004,0.160493,0.122362,119,100000,10.4603
data/glass_set,30,GRASP,1005,0.161733,0.129691,100,100000,10.4152
data/glass_set,30,GRASP,1006,0.161034,0.129312,99,100000,10.4802
data/glass_set,30,GRASP,1007,0.164939,0.125206,124,100000,10.6013
data/glass_set,30,GRASP,1008,0.163125,0.125635,117,100000,10.5248
data/glass_set,30,GRASP,1009,0.165754,0.133711,100,100000,10.4244
data/zoo_set,15,RandomSearch,1000,1.50976,1.23799,49,100000,1.3592
data/zoo_set,15,RandomSearch,1001,1.521,1.31579,37,100000,1.32398
data/zoo_set,15,RandomSearch,1002,1.53612,1.28099,46,100000,1.3274
data/zoo_set,15,RandomSearch,1003,1.49478,1.27848,39,100000,1.3247
data/zoo_set,15,RandomSearch,1004,1.51789,1.38478,24,100000,1.32531
data/zoo_set,15,RandomSearch,1005,1.50098,1.30131,36,100000,1.32885
data/zoo_set,15,RandomSearch,1006,1.52906,1.31276,39,100000,1.32507
data/zoo_set,15,RandomSearch,1007,1.50427,1.3046,36,100000,1.32799
data/zoo_set,15,RandomSearch,1008,1.51994,1.29255,41,100000,1.34915
data/zoo_set,15,RandomSearch,1009,1.47696,1.32721,27,100000,1.34624
data/zoo_set,15,GreedySearch,1000,0.809699,0.809699,0,1,0.00109997
data/zoo_set,15,GreedySearch,1001,0.94535,0.94535,0,1,0.00135377
data/zoo_set,15,GreedySearch,1002,0.911843,0.911843,0,1,0.00132787
data/zoo_set,15,GreedySearch,1003,0.917857,0.917857,0,1,0.00106094
data/zoo_set,15,GreedySearch,1004,0.957729,0.957729,0,1,0.00133485
data/zoo_set,15,GreedySearch,1005,0.903512,0.903512,0,1,0.00106414
data/zoo_set,15,GreedySearch,1006,0.936077,0.936077,0,1,0.00132219
data/zoo_set,15,GreedySearch,1007,0.815839,0.815839,0,1,0.00246405
data/zoo_set,15,GreedySearch,1008,0.867271,0.867271,0,1,0.00106608
data/zoo_set,15,GreedySearch,1009,0.868103,0.868103,0,1,0.000792037
data/zoo_set,15,LocalSearch,1000,0.60584,0.600294,1,11473,0.0977833
data/zoo_set,15,LocalSearch,1001,0.525372,0.508733,3,11793,0.0988044
data/zoo_set,15,LocalSearch,1002,0.517034,0.494849,4,18950,0.15763
data/zoo_set,15,LocalSearch,1003,0.451653,0.335181,21,20256,0.169419
data/zoo_set,15,LocalSearch,1004,0.544262,0.538716,1,12493,0.105034
data/zoo_set,15,LocalSearch,1005,0.523924,0.462915,11,19672,0.16204
data/zoo_set,15,LocalSearch,1006,0.524,0.485176,7,12055,0.101287
data/zoo_set,15,LocalSearch,1007,0.562223,0.534492,5,14176,0.117986
data/zoo_set,15,LocalSearch,1008,0.559055,0.53687,4,7179,0.0618845
data/zoo_set,15,LocalSearch,1009,0.511169,0.477891,6,11472,0.0972534
data/zoo_set,15,AM-Best,1000,0.488793,0.455516,6,100000,0.821012
data/zoo_set,15,AM-Best,1001,0.509411,0.487226,4,100000,0.831145
data/zoo_set,15,AM-Best,1002,0.536694,0.525602,2,100000,0.850921
data/zoo_set,15,AM-Best,1003,0.550171,0.500254,9,100000,0.839241
data/zoo_set,15,AM-Best,1004,0.478698,0.44542,6,100000,0.82701
data/zoo_set,15,AM-Best,1005,0.541601,0.524962,3,100000,0.838927
data/zoo_set,15,AM-Best,1006,0.505791,0.461421,8,100000,0.83303
data/zoo_set,15,AM-Best,1007,0.51317,0.507624,1,100000,0.841372
data/zoo_set,15,AM-Best,1008,0.493508,0.487962,1,100000,0.847326
data/zoo_set,15,AM-Best,1009,0.476084,0.448353,5,100000,0.842621
data/zoo_set,15,SimulatedAnnealing,1000,0.44153,0.430437,2,100000,0.832891
data/zoo_set,15,SimulatedAnnealing,1001,0.456869,0.429138,5,100000,0.837964
data/zoo_set,15,SimulatedAnnealing,1002,0.440836,0.418651,4,100000,0.826248
data/zoo_set,15,SimulatedAnnealing,1003,0.478787,0.434417,8,100000,0.834351
data/zoo_set,15,SimulatedAnnealing,1004,0.45698,0.429248,5,100000,0.828085
data/zoo_set,15,SimulatedAnnealing,1005,0.487098,0.476005,2,100000,0.83262
data/zoo_set,15,SimulatedAnnealing,1006,0.426662,0.393385,6,100000,0.837481
data/zoo_set,15,SimulatedAnnealing,1007,0.445164,0.417433,5,100000,0.827452
data/zoo_set,15,SimulatedAnnealing,1008,0.451639,0.418361,6,100000,0.847724
data/zoo_set,15,SimulatedAnnealing,1009,0.444926,0.406102,7,100000,0.817731
data/zoo_set,15,SimulatedAnnealingFast,1000,0.495279,0.489733,1,100000,0.149355
data/zoo_set,15,SimulatedAnnealingFast,1001,0.511022,0.505476,1,100000,0.143448
data/zoo_set,15,SimulatedAnnealingFast,1002,0.514338,0.514338,0,100000,0.14431
data/zoo_set,15,SimulatedAnnealingFast,1003,0.494416,0.48887,1,100000,0.141804
data/zoo_set,15,SimulatedAnnealingFast,1004,0.480932,0.475385,1,100000,0.143579
data/zoo_set,15,SimulatedAnnealingFast,1005,0.480096,0.480096,0,100000,0.146624
data/zoo_set,15,SimulatedAnnealingFast,1006,0.533917,0.533917,0,100000,0.144299
data/zoo_set,15,SimulatedAnnealingFast,1007,0.491302,0.491302,0,100000,0.143136
data/zoo_set,15,SimulatedAnnealingFast,1008,0.501653,0.496107,1,100000,0.143789
data/zoo_set,15,SimulatedAnnealingFast,1009,0.519669,0.519669,0,100000,0.138143
data/zoo_set,15,BMB,1000,0.507577,0.468753,7,58158,0.495513
data/zoo_set,15,BMB,1001,0.500189,0.466912,6,65229,0.554455
data/zoo_set,15,BMB,1002,0.499706,0.471975,5,63210,0.537812
data/zoo_set,15,BMB,1003,0.451653,0.335181,21,66059,0.565027
data/zoo_set,15,BMB,1004,0.500624,0.456254,8,71308,0.609657
data/zoo_set,15,BMB,1005,0.465283,0.415366,9,79655,0.672965
data/zoo_set,15,BMB,1006,0.468304,0.418387,9,61190,0.525395
data/zoo_set,15,BMB,1007,0.467313,0.434036,6,62770,0.534391
data/zoo_set,15,BMB,1008,0.496035,0.468303,5,52980,0.455063
data/zoo_set,15,BMB,1009,0.501758,0.42411,14,57917,0.501839
data/zoo_set,15,ILS,1000,0.529881,0.50215,5,45639,0.389554
data/zoo_set,15,ILS,1001,0.506342,0.47861,5,44669,0.376383
data/zoo_set,15,ILS,1002,0.455028,0.410658,8,64737,0.543029
data/zoo_set,15,ILS,1003,0.451653,0.335181,21,63495,0.534121
data/zoo_set,15,ILS,1004,0.509242,0.487056,4,50043,0.437407
data/zoo_set,15,ILS,1005,0.485145,0.468506,3,55915,0.482058
data/zoo_set,15,ILS,1006,0.477678,0.438854,7,56876,0.496096
data/zoo_set,15,ILS,1007,0.490053,0.473414,3,51874,0.449424
data/zoo_set,15,ILS,1008,0.488558,0.455281,6,50704,0.439177
data/zoo_set,15,ILS,1009,0.482865,0.432948,9,49934,0.435159
data/zoo_set,15,ILS-ES,1000,0.46216,0.423336,7,100000,0.839373
data/zoo_set,15,ILS-ES,1001,0.448676,0.404305,8,100000,0.837897
data/zoo_set,15,ILS-ES,1002,0.459786,0.398777,11,100000,0.836526
data/zoo_set,15,ILS-ES,1003,0.494831,0.483738,2,100000,0.831156
data/zoo_set,15,ILS-ES,1004,0.470787,0.431963,7,100000,0.830454
data/zoo_set,15,ILS-ES,1005,0.473961,0.390767,15,100000,0.841434
data/zoo_set,15,ILS-ES,1006,0.481544,0.420535,11,100000,0.846887
data/zoo_set,15,ILS-ES,1007,0.480192,0.435821,8,100000,0.840473
data/zoo_set,15,ILS-ES,1008,0.431546,0.392722,7,100000,0.831844
data/zoo_set,15,ILS-ES,1009,0.469706,0.425336,8,100000,0.820605
data/zoo_set,15,GRASP,1000,0.462172,0.43444,5,57481,0.483293
data/zoo_set,15,GRASP,1001,0.495827,0.490281,1,57342,0.484823
data/zoo_set,15,GRASP,1002,0.49968,0.471949,5,54112,0.46246
data/zoo_set,15,GRASP,1003,0.454012,0.426281,5,57308,0.485463
data/zoo_set,15,GRASP,1004,0.507022,0.468198,7,59560,0.501905
data/zoo_set,15,GRASP,1005,0.49403,0.471845,4,59581,0.50154
data/zoo_set,15,GRASP,1006,0.463199,0.429922,6,63307,0.532912
data/zoo_set,15,GRASP,1007,0.452891,0.397428,10,56352,0.475511
data/zoo_set,15,GRASP,1008,0.502965,0.491873,2,51409,0.433094
data/zoo_set,15,GRASP,1009,0.508757,0.47548,6,57630,0.485231
data/zoo_set,30,RandomSearch,1000,1.06759,0.961927,41,100000,1.83356
data/zoo_set,30,RandomSearch,1001,1.05642,0.924985,51,100000,1.80572
data/zoo_set,30,RandomSearch,1002,1.05076,0.911592,54,100000,1.80471
data/zoo_set,30,RandomSearch,1003,0.995391,0.889728,41,100000,1.83128
data/zoo_set,30,RandomSearch,1004,1.0655,0.959842,41,100000,1.80432
data/zoo_set,30,RandomSearch,1005,1.06758,0.912953,60,100000,1.83104
data/zoo_set,30,RandomSearch,1006,1.0816,0.952739,50,100000,1.80477
data/zoo_set,30,RandomSearch,1007,1.05151,0.902033,58,100000,1.80725
data/zoo_set,30,RandomSearch,1008,1.0782,0.949346,50,100000,1.8042
data/zoo_set,30,RandomSearch,1009,1.07424,0.963424,43,100000,1.80713
data/zoo_set,30,GreedySearch,1000,0.596814,0.596814,0,1,0.00187783
data/zoo_set,30,GreedySearch,1001,0.6485,0.6485,0,1,0.00141859
data/zoo_set,30,GreedySearch,1002,0.645759,0.645759,0,1,0.00228988
data/zoo_set,30,GreedySearch,1003,0.596098,0.596098,0,1,0.00187046
data/zoo_set,30,GreedySearch,1004,0.554965,0.554965,0,1,0.00323152
data/zoo_set,30,GreedySearch,1005,0.58168,0.58168,0,1,0.00231473
data/zoo_set,30,GreedySearch,1006,0.638334,0.638334,0,1,0.00139373
data/zoo_set,30,GreedySearch,1007,0.56696,0.56696,0,1,0.00243429
data/zoo_set,30,GreedySearch,1008,0.580362,0.580362,0,1,0.00236143
data/zoo_set,30,GreedySearch,1009,0.581656,0.581656,0,1,0.00228431
data/zoo_set,30,LocalSearch,1000,0.311611,0.270377,16,20371,0.207725
data/zoo_set,30,LocalSearch,1001,0.272572,0.228761,17,27398,0.276622
data/zoo_set,30,LocalSearch,1002,0.300338,0.225601,29,16663,0.17272
data/zoo_set,30,LocalSearch,1003,0.290165,0.236045,21,22815,0.23272
data/zoo_set,30,LocalSearch,1004,0.267778,0.221389,18,21581,0.227311
data/zoo_set,30,LocalSearch,1005,0.308644,0.277718,12,22628,0.23119
data/zoo_set,30,LocalSearch,1006,0.294079,0.242536,20,21957,0.22334
data/zoo_set,30,LocalSearch,1007,0.276593,0.232782,17,25336,0.26445
data/zoo_set,30,LocalSearch,1008,0.291749,0.250515,16,25340,0.278747
data/zoo_set,30,LocalSearch,1009,0.279891,0.256697,9,29165,0.316879
data/zoo_set,30,AM-Best,1000,0.301571,0.25776,17,100000,1.05042
data/zoo_set,30,AM-Best,1001,0.277976,0.22901,19,100000,1.10982
data/zoo_set,30,AM-Best,1002,0.306641,0.270561,14,100000,1.10791
data/zoo_set,30,AM-Best,1003,0.273557,0.229745,17,100000,1.09889
data/zoo_set,30,AM-Best,1004,0.321732,0.283075,15,100000,1.0556
data/zoo_set,30,AM-Best,1005,0.31227,0.260728,20,100000,1.1013
data/zoo_set,30,AM-Best,1006,0.299309,0.24519,21,100000,1.10464
data/zoo_set,30,AM-Best,1007,0.297441,0.240744,22,100000,1.11085
data/zoo_set,30,AM-Best,1008,0.280955,0.211372,27,100000,1.10924
data/zoo_set,30,AM-Best,1009,0.268084,0.224273,17,100000,1.1057
data/zoo_set,30,SimulatedAnnealing,1000,0.276761,0.235527,16,100000,1.07861
data/zoo_set,30,SimulatedAnnealing,1001,0.273361,0.208933,25,100000,1.07882
data/zoo_set,30,SimulatedAnnealing,1002,0.282579,0.254231,11,100000,1.06311
data/zoo_set,30,SimulatedAnnealing,1003,0.244797,0.200985,17,100000,0.992338
data/zoo_set,30,SimulatedAnnealing,1004,0.282022,0.215017,26,100000,0.997441
data/zoo_set,30,SimulatedAnnealing,1005,0.284977,0.22828,22,100000,1.07416
data/zoo_set,30,SimulatedAnnealing,1006,0.279197,0.230232,19,100000,1.07439
data/zoo_set,30,SimulatedAnnealing,1007,0.261192,0.212227,19,100000,1.02375
data/zoo_set,30,SimulatedAnnealing,1008,0.280152,0.233764,18,100000,1.01697
data/zoo_set,30,SimulatedAnnealing,1009,0.263184,0.211641,20,100000,1.00484
data/zoo_set,30,SimulatedAnnealingFast,1000,0.309198,0.29889,4,100000,0.204419
data/zoo_set,30,SimulatedAnnealingFast,1001,0.309927,0.304772,2,97770,0.197187
data/zoo_set,30,SimulatedAnnealingFast,1002,0.2647,0.254392,4,100000,0.206806
data/zoo_set,30,SimulatedAnnealingFast,1003,0.312093,0.304362,3,100000,0.203935
data/zoo_set,30,SimulatedAnnealingFast,1004,0.33592,0.325611,4,99119,0.200369
data/zoo_set,30,SimulatedAnnealingFast,1005,0.311592,0.293552,7,100000,0.210408
data/zoo_set,30,SimulatedAnnealingFast,1006,0.275406,0.26252,5,100000,0.196929
data/zoo_set,30,SimulatedAnnealingFast,1007,0.315728,0.310573,2,100000,0.206367
data/zoo_set,30,SimulatedAnnealingFast,1008,0.29317,0.277707,6,100000,0.200109
data/zoo_set,30,SimulatedAnnealingFast,1009,0.297223,0.274029,9,100000,0.209627
data/zoo_set,30,BMB,1000,0.294938,0.245972,19,89382,0.928782
data/zoo_set,30,BMB,1001,0.278327,0.231938,18,97833,1.01652
data/zoo_set,30,BMB,1002,0.287084,0.230387,22,83436,0.8706
data/zoo_set,30,BMB,1003,0.288806,0.234686,21,86842,0.901681
data/zoo_set,30,BMB,1004,0.267778,0.221389,18,98714,1.0195
data/zoo_set,30,BMB,1005,0.279563,0.225443,21,84265,0.899462
data/zoo_set,30,BMB,1006,0.28012,0.215692,25,88582,0.943537
data/zoo_set,30,BMB,1007,0.270814,0.21154,23,97173,1.03892
data/zoo_set,30,BMB,1008,0.276695,0.217421,23,95026,0.99601
data/zoo_set,30,BMB,1009,0.284076,0.253151,12,95979,0.99298
data/zoo_set,30,ILS,1000,0.295353,0.267005,11,78898,0.820518
data/zoo_set,30,ILS,1001,0.26786,0.234357,13,63077,0.699082
data/zoo_set,30,ILS,1002,0.290219,0.256716,13,51248,0.569558
data/zoo_set,30,ILS,1003,0.277845,0.244342,13,90692,0.999432
data/zoo_set,30,ILS,1004,0.267778,0.221389,18,51107,0.565812
data/zoo_set,30,ILS,1005,0.287573,0.238607,19,50528,0.56222
data/zoo_set,30,ILS,1006,0.287445,0.238479,19,65041,0.670711
data/zoo_set,30,ILS,1007,0.270091,0.239166,12,74382,0.759162
data/zoo_set,30,ILS,1008,0.279458,0.23307,18,71409,0.735146
data/zoo_set,30,ILS,1009,0.270908,0.24256,11,47621,0.531016
data/zoo_set,30,ILS-ES,1000,0.287519,0.246285,16,100000,0.996658
data/zoo_set,30,ILS-ES,1001,0.290442,0.259516,12,100000,1.06152
data/zoo_set,30,ILS-ES,1002,0.28295,0.233984,19,100000,0.997652
data/zoo_set,30,ILS-ES,1003,0.266327,0.217362,19,100000,0.996851
data/zoo_set,30,ILS-ES,1004,0.273847,0.219727,21,100000,0.993707
data/zoo_set,30,ILS-ES,1005,0.288924,0.232227,22,100000,1.0292
data/zoo_set,30,ILS-ES,1006,0.302744,0.238315,25,100000,1.00171
data/zoo_set,30,ILS-ES,1007,0.289148,0.23245,22,100000,0.999607
data/zoo_set,30,ILS-ES,1008,0.291608,0.255528,14,100000,1.01458
data/zoo_set,30,ILS-ES,1009,0.28198,0.22786,21,100000,1.05587
data/zoo_set,30,GRASP,1000,0.265945,0.227288,15,95209,1.06194
data/zoo_set,30,GRASP,1001,0.271386,0.204381,26,92807,1.03411
data/zoo_set,30,GRASP,1002,0.277311,0.238653,15,93808,1.04653
data/zoo_set,30,GRASP,1003,0.274469,0.202309,28,86826,0.971646
data/zoo_set,30,GRASP,1004,0.25627,0.225345,12,88107,0.913293
data/zoo_set,30,GRASP,1005,0.269614,0.220648,19,89567,0.920306
data/zoo_set,30,GRASP,1006,0.269455,0.207604,24,87743,0.898254
data/zoo_set,30,GRASP,1007,0.257788,0.216553,16,100000,1.04547
data/zoo_set,30,GRASP,1008,0.276705,0.243203,13,82639,0.892131
data/zoo_set,30,GRASP,1009,0.278821,0.240164,15,91355,1.00455
